<?xml version="1.0" encoding="utf-8" ?>
<Sprites>


 <{YourName}_{YourSkin} path="characters/{YourName}/{YourSkin}/" start="idle">
   <Origin x="16" y="32" />

   <Loop id="idle_carry" path="idle_carry" delay="0.1" frames="0*3,1,2*4,3" />
   <Anim id="runSlow_carry" path="run_carry" delay="0.07" />
   <Loop id="jumpSlow_carry" path="jump_carry" delay="0.1" frames="0,1" />
   <Anim id="fallSlow_carry" path="jump_carry" delay="0.1" frames="2,3" />
   <Anim id="pickUp" path="pickUp" delay="0.06" frames="0,1,3,4" />
   <Anim id="throw" path="pickUp" delay="0.06" frames="3,2,1" goto="idle" />

   <Anim id="idle" path="idle" delay="0.1" frames="0*3,1,2*4,3" goto="idle"/>
    
   <Anim id="idleA" path="idle" delay="0.1" frames="0*3,1,2*4,3" goto="idle"/>
   <Anim id="idleB" path="idle" delay="0.1" frames="0*3,1,2*4,3" goto="idle"/>
   <Anim id="idleC" path="idle" delay="0.1" frames="0*3,1,2*4,3" goto="idle"/>

    <Anim id="roll" path="roll" frames="0-12" delay="0.05"/>
    <Anim id="rollGetUp" path="roll" frames="12-16" delay=".1" goto="downed"/>
    <Loop id="downed" path="roll" delay="0.8" frames="16"/>

   <Anim id="lookUp" path="lookUp" delay="0.1" />
   <Loop id="walk" path="runSlow" delay="0.04" />
   <Loop id="push" path="runSlow" delay="0.1" />

   <Anim id="runSlow" path="runSlow" delay="0.07" goto="runFast" />
   <Loop id="runFast" path="runSlow" delay="0.05" />
   <Anim id="runStumble" path="runSlow" delay="0.05" goto="runFast"/>
   <Loop id="runWind" path="runSlow" delay="0.095" />
   <Loop id="dash" path="dash" /> 
   <Anim id="dreamDashIn" path="dash" delay="0.001" goto="dreamDashLoop"/>
   <Loop id="dreamDashLoop" path="dreamDash" frames="0-14" delay="0.03" />
   <Anim id="dreamDashOut" path="dash" frames="0" delay="0.03" />
   <Loop id="slide" path="duck" />
   <Loop id="jumpSlow" path="jumpFast" delay="0.1" frames="0,1" />
   <Loop id="jumpFast" path="jumpFast" delay="0.1" frames="0,1" />
   <Anim id="fallSlow" path="jumpFast" delay="0.1" frames="2,3" />
   <Anim id="fallFast" path="jumpFast" delay="0.1" frames="2,3" />
   <Loop id="tired" path="tired" delay="0.18" />
   <Anim id="tiredStill" path="tired" frames="0" />
   <Loop id="wallslide" path="climb" frames="0" />
   <Anim id="climbLookBackStart" path="climb" delay="0.08" frames="6,7,8" goto="climbLookBack" />
   <Loop id="climbLookBack" path="climb" frames="8" />
   <Loop id="climbup" path="climb" delay="0.04" frames="0-5" />
   <Anim id="climbPush" path="climb" delay="0.04" frames="0" />
   <Anim id="climbPull" path="climb" delay="0.04" frames="0" />
   <Loop id="duck" path="duck" delay="0" frames="0" />
   <Anim id="fallPose" path="fallPose" delay="0.1" frames="0-10" goto="idle"/>
   <Loop id="edge" path="edge_back" delay="0.25" />
   <Loop id="edgeBack" path="edge_back" delay="0.25"/>
     <Anim id="faint" path="bubble" />
     <Loop id="fainted" path="bubble" />
   <Anim id="flip" path="flip" delay="0.04" frames="0-3" goto="runFast"/>
   <Loop id="skid" path="flip" delay="0.04" frames="2"/>
   <Loop id="dangling" path="dangling" delay="0.16" />
   <Anim id="deadside" path="death_h" delay="0.02" />
   <Anim id="deadup"   path="death_h" delay="0.02" />
   <Anim id="deaddown" path="death_h" delay="0.02" />
    
   <Loop id="swimIdle" path="swim" frames="0-3" delay="0.1" />
   <Loop id="swimUp" path="swim" frames="4-7" delay="0.1" />
   <Loop id="swimDown" path="swim" frames="8-11" delay="0.1" />
      
   <Anim id="startStarFly" path="startStarFly" delay="0.08" goto="starFly"/>
   <Loop id="starFly" path="starFly" delay="0.08"/>
   <Loop id="bubble" path="bubble" delay="0.08"/>

   <Anim id="fall" path="jumpFast" delay="0.06" frames="3" />
   <Loop id="bigFall" path="bigFall" frames="0-1" delay="0.12"/>
   <Anim id="bigFallRecover" path="bigFall" frames="2*5,3*4,4*3" delay="0.08" goto="swimIdle"/>

   <Anim id="sleep" path="sleep" delay="0.1" frames="0-5,5*5,6-9,9*3" />
   <Anim id="bagdown" path="sleep" delay="0.1" frames="0-2" />
   <Anim id="asleep" path="wakeUp/" frames="0" />
   <Anim id="wakeUp" path="wakeUp/" delay=".1" frames="0-4,5*10,6-14" />
   <Anim id="halfWakeUp" path="sleep" delay=".1" frames="5"/>
    
   <Loop id="spin" path="spin" delay="0.1" />
   <Loop id="shaking" path="shaking" delay="0.1" />
   <Loop id="hug" path="hug" delay="0.08"/>

   <Anim id="starMorph" path="bubble" delay="0.06" frames="0" goto="starMorphIdle"/>
   <Loop id="starMorphIdle" path="bubble" frames="0" delay="0.06"/>
	  
 	<Loop id="carryTheoWalk" path="runSlow" frames="0-11" delay="0.06"/>
 	<Loop id="carryTheoCollapse" path="tired" frames="1-3,3*4,2,1*4,0" delay="0.06"/>
  	  
 	<Anim id="tentacle_grab" path="tentacle/grab" delay="0.06" frames="0-14" goto="tentacle_grabbed"/>
 	<Loop id="tentacle_grabbed" path="tentacle/grab" delay="0.1" frames="15-23"/>
 	<Loop id="tentacle_pull" path="tentacle/grab" frames="24" delay="0.1"/>
   <Loop id="tentacle_dangling" path="tentacle/grab" frames="25" delay="0.1"/>
	  
   <Anim id="sitDown" path="sleep" delay="0.1" frames="0-9" />

  <Loop id="launch" path="spin" delay="0.06" />
  <Anim id="launchRecover" path="launchRecover" delay="0.06"/>

   <Metadata>
     <Frames path="idle" hair="0,-2|0,-2|0,-1|0,-1"/>

     <Frames path="lookUp" hair="0,-2|0,-2|-1,-2:1|-1,-2:1|-1,-2:1|-1,-2:1|-1,-3:1"/>
     <Frames path="edge_back" hair="1,-2:1|1,-2:2|0,-2:2|0,-1:2|-1,-2:2|0,-2:2|1,-2:2|1,-2:2|1,-2:2|1,-2:2|2,-1|2,-1|2,-1|2,-2"/>
     <Frames path="push" hair="1,-2|1,-1|1,-1|1,-1|1,-2|1,-2|1,-2|1,-2|1,-1|1,-1|1,-1|1,-1|1,-2|1,-2|1,-2|1,-2"/>
     <Frames path="runSlow" hair="1,-2|1,-1|1,-1|1,-1|1,-3|1,-2|1,-1|1,-1|1,-1|1,-1|1,-3|1,-2"/>
     <Frames path="dash" hair="2,0"/>
     <Frames path="dreamDash" hair="0,0|0,0|1,1|2,1|2,1|2,0|1,0|1,0|1,0|1,0|1,0|1,0|1,0|1,0|1,0|0,0"/>
     <Frames path="jumpFast" hair="1,-3|1,-3|1,-2|0,-2"/>
     <Frames path="tired" hair="0,1|0,2|0,1|0,0"/>
     <Frames path="climb" hair="0,-2|0,-2|0,-2|0,-2|-1,-2|-1,-2|0,-1|1,-2:1|2,-2:2"/>
     <Frames path="duck" hair="0,3"/>
     <Frames path="fallPose" hair="x|x|x|x|x|x|x|x|x"/>
     <Frames path="hug" hair="0,2"/>
     <Frames path="sleep" hair=""/>
     <Frames path="flip" hair="0,-1:2|-1,-1:1|0,-1:1|1,-1:0|2,0:0"/>
     <Frames path="dangling" hair="0,-2|0,-2|0,-2|-1,-2|-1,-2|-1,-2"/> 
     <Frames path="shaking" hair="0,-1"/>

     <Frames path="idle_carry" hair="0,-2|0,-2|0,-1|0,-1" carry="-1,0,0,-1"/>
     <Frames path="jump_carry" hair="1,-3|1,-3|1,-2|0,-2" carry="-3,-3,-1,-1"/>
     <Frames path="run_carry" hair="1,-2|1,-1|1,-1|1,-1|1,-3|1,-2|1,-1|1,-1|1,-1|1,-1|1,-3|1,-2" carry="-1,0,0,0,-3,-2,-1,0,0,0,-3,-1"/>
     <Frames path="pickup" hair="2,0|2,-2|3,-1|0,-2|0,-2"/>

     <Frames path="swim" hair="0,-2|0,-2|0,-2|0,-2|0,-3|0,-3|0,-2|0,-2|1,-1|1,0|1,0|1,0"/>
     <Frames path="bigFall" hair="1,-2|1,-2|1,-2|1,-2|1,-2"/>
 
     <Frames path="startStarFly" hair="0,-2|0,-2|0,-2|0,-2"/>
     <Frames path="starFly" hair="0,3"/>
ECHO is off.
   </Metadata>
 </{YourName}_{YourSkin}>

</Sprites>
